Time,level,is_pump_on,is_upper_sensor_active,is_lower_sensor_active,is_overflowing,is_empty
2026-02-11 00:34:04.986807,2.5,True,False,False,False,False
2026-02-11 00:34:05.487716,5.0,True,False,False,False,False
2026-02-11 00:34:05.988186,7.5,True,False,False,False,False
2026-02-11 00:34:06.488958,10.0,True,False,False,False,False
2026-02-11 00:34:06.989605,12.5,True,False,False,False,False
2026-02-11 00:34:07.490290,15.0,True,False,False,False,False
2026-02-11 00:34:07.990945,17.5,True,False,False,False,False
2026-02-11 00:34:08.491567,20.0,True,False,False,False,False
2026-02-11 00:34:08.992221,22.5,True,False,False,False,False
2026-02-11 00:34:09.492986,25.0,True,False,True,False,False
2026-02-11 00:34:09.993610,27.5,True,False,True,False,False
2026-02-11 00:34:10.494297,30.0,True,False,True,False,False
2026-02-11 00:34:10.995161,32.5,True,False,True,False,False
2026-02-11 00:34:11.495730,35.0,True,False,True,False,False
2026-02-11 00:34:11.996216,37.5,True,False,True,False,False
2026-02-11 00:34:12.497075,40.0,True,False,True,False,False
2026-02-11 00:34:12.997811,42.5,True,False,True,False,False
2026-02-11 00:34:13.498396,45.0,True,False,True,False,False
2026-02-11 00:34:13.999112,47.5,True,False,True,False,False
2026-02-11 00:34:14.499801,50.0,True,False,True,False,False
2026-02-11 00:34:15.000467,52.5,True,False,True,False,False
2026-02-11 00:34:15.501161,55.0,True,False,True,False,False
2026-02-11 00:34:16.001837,57.5,True,False,True,False,False
2026-02-11 00:34:16.502501,60.0,True,False,True,False,False
2026-02-11 00:34:17.003128,62.5,True,False,True,False,False
2026-02-11 00:34:17.503814,65.0,True,False,True,False,False
2026-02-11 00:34:18.004907,67.5,True,False,True,False,False
2026-02-11 00:34:18.505414,70.0,True,False,True,False,False
2026-02-11 00:34:19.005954,72.5,True,False,True,False,False
2026-02-11 00:34:19.506676,75.0,True,True,True,False,False
2026-02-11 00:34:20.007316,72.5,False,False,True,False,False
2026-02-11 00:34:20.507991,70.0,False,False,True,False,False
2026-02-11 00:34:21.008459,67.5,False,False,True,False,False
2026-02-11 00:34:21.509005,65.0,False,False,True,False,False
2026-02-11 00:34:22.009706,62.5,False,False,True,False,False
2026-02-11 00:34:22.510273,60.0,False,False,True,False,False
2026-02-11 00:34:23.010916,57.5,False,False,True,False,False
2026-02-11 00:34:23.511474,55.0,False,False,True,False,False
2026-02-11 00:34:24.012043,52.5,False,False,True,False,False
2026-02-11 00:34:24.512850,50.0,False,False,True,False,False
2026-02-11 00:34:25.013396,47.5,False,False,True,False,False
2026-02-11 00:34:25.514002,45.0,False,False,True,False,False
2026-02-11 00:34:26.014729,42.5,False,False,True,False,False
2026-02-11 00:34:26.515450,40.0,False,False,True,False,False
2026-02-11 00:34:27.016135,37.5,False,False,True,False,False
2026-02-11 00:34:27.516775,35.0,False,False,True,False,False
2026-02-11 00:34:28.017509,32.5,False,False,True,False,False
2026-02-11 00:34:28.517961,30.0,False,False,True,False,False
2026-02-11 00:34:29.018705,27.5,False,False,True,False,False
2026-02-11 00:34:29.519367,25.0,False,False,True,False,False
2026-02-11 00:34:30.019851,22.5,False,False,False,False,False
2026-02-11 00:34:30.520536,25.0,True,False,True,False,False
2026-02-11 00:34:31.021250,27.5,True,False,True,False,False
2026-02-11 00:34:31.521698,30.0,True,False,True,False,False
2026-02-11 00:34:32.022404,32.5,True,False,True,False,False
2026-02-11 00:34:32.523049,35.0,True,False,True,False,False
2026-02-11 00:34:33.023713,37.5,True,False,True,False,False
2026-02-11 00:34:33.524215,40.0,True,False,True,False,False
2026-02-11 00:34:34.024850,42.5,True,False,True,False,False
2026-02-11 00:34:34.525596,45.0,True,False,True,False,False
2026-02-11 00:34:35.026091,47.5,True,False,True,False,False
2026-02-11 00:34:35.526549,50.0,True,False,True,False,False
2026-02-11 00:34:36.026975,52.5,True,False,True,False,False
2026-02-11 00:34:36.527782,55.0,True,False,True,False,False
2026-02-11 00:34:37.028379,57.5,True,False,True,False,False
2026-02-11 00:34:37.529030,60.0,True,False,True,False,False
2026-02-11 00:34:38.029690,62.5,True,False,True,False,False
2026-02-11 00:34:38.530190,65.0,True,False,True,False,False
2026-02-11 00:34:39.030759,67.5,True,False,True,False,False
2026-02-11 00:34:39.531475,70.0,True,False,True,False,False
2026-02-11 00:34:40.032054,72.5,True,False,True,False,False
2026-02-11 00:34:40.532752,75.0,True,True,True,False,False
2026-02-11 00:34:41.033384,72.5,False,False,True,False,False
2026-02-11 00:34:41.533862,70.0,False,False,True,False,False
2026-02-11 00:34:42.034584,67.5,False,False,True,False,False
2026-02-11 00:34:42.535272,65.0,False,False,True,False,False
2026-02-11 00:34:43.035977,62.5,False,False,True,False,False
2026-02-11 00:34:43.536651,60.0,False,False,True,False,False
2026-02-11 00:34:44.037224,57.5,False,False,True,False,False
2026-02-11 00:34:44.537660,55.0,False,False,True,False,False
2026-02-11 00:34:45.038247,52.5,False,False,True,False,False
2026-02-11 00:34:45.538902,50.0,False,False,True,False,False
2026-02-11 00:34:46.039469,47.5,False,False,True,False,False
2026-02-11 00:34:46.539937,45.0,False,False,True,False,False
2026-02-11 00:34:47.040564,42.5,False,False,True,False,False
2026-02-11 00:34:47.541290,40.0,False,False,True,False,False
2026-02-11 00:34:48.041834,37.5,False,False,True,False,False
2026-02-11 00:34:48.542507,35.0,False,False,True,False,False
2026-02-11 00:34:49.042993,32.5,False,False,True,False,False
2026-02-11 00:34:49.543612,30.0,False,False,True,False,False
2026-02-11 00:34:50.044229,27.5,False,False,True,False,False
2026-02-11 00:34:50.544668,25.0,False,False,True,False,False
2026-02-11 00:34:51.045102,22.5,False,False,False,False,False
2026-02-11 00:34:51.545790,25.0,True,False,True,False,False
2026-02-11 00:34:52.046474,27.5,True,False,True,False,False
2026-02-11 00:34:52.547139,30.0,True,False,True,False,False
2026-02-11 00:34:53.047814,32.5,True,False,True,False,False
2026-02-11 00:34:53.548495,35.0,True,False,True,False,False
2026-02-11 00:34:54.049197,37.5,True,False,True,False,False
2026-02-11 00:34:54.549724,40.0,True,False,True,False,False
2026-02-11 00:34:55.050260,42.5,True,False,True,False,False
2026-02-11 00:34:55.550980,45.0,True,False,True,False,False
2026-02-11 00:34:56.051456,47.5,True,False,True,False,False
2026-02-11 00:34:56.552203,50.0,True,False,True,False,False
2026-02-11 00:34:57.052868,52.5,True,False,True,False,False
2026-02-11 00:34:57.553450,55.0,True,False,True,False,False
2026-02-11 00:34:58.054087,57.5,True,False,True,False,False
2026-02-11 00:34:58.554741,60.0,True,False,True,False,False
2026-02-11 00:34:59.055176,62.5,True,False,True,False,False
2026-02-11 00:34:59.555602,65.0,True,False,True,False,False
2026-02-11 00:35:00.056048,67.5,True,False,True,False,False
2026-02-11 00:35:00.556793,70.0,True,False,True,False,False
2026-02-11 00:35:01.057228,72.5,True,False,True,False,False
2026-02-11 00:35:01.557861,75.0,True,True,True,False,False
2026-02-11 00:35:02.058317,72.5,False,False,True,False,False
2026-02-11 00:35:02.558887,70.0,False,False,True,False,False
2026-02-11 00:35:03.059604,67.5,False,False,True,False,False
2026-02-11 00:35:03.560244,65.0,False,False,True,False,False
2026-02-11 00:35:04.060857,62.5,False,False,True,False,False
2026-02-11 00:35:04.561514,60.0,False,False,True,False,False
2026-02-11 00:35:05.062099,57.5,False,False,True,False,False
2026-02-11 00:35:05.562631,55.0,False,False,True,False,False
2026-02-11 00:35:06.063107,52.5,False,False,True,False,False
2026-02-11 00:35:06.563741,50.0,False,False,True,False,False
2026-02-11 00:35:07.064200,47.5,False,False,True,False,False
2026-02-11 00:35:07.564797,45.0,False,False,True,False,False
2026-02-11 00:35:08.065238,42.5,False,False,True,False,False
2026-02-11 00:35:08.565884,40.0,False,False,True,False,False
2026-02-11 00:35:09.066466,37.5,False,False,True,False,False
2026-02-11 00:35:09.566881,35.0,False,False,True,False,False
2026-02-11 00:35:10.067472,32.5,False,False,True,False,False
2026-02-11 00:35:10.567906,30.0,False,False,True,False,False
2026-02-11 00:35:11.068444,27.5,False,False,True,False,False
2026-02-11 00:35:11.569110,25.0,False,False,True,False,False
2026-02-11 00:35:12.069594,22.5,False,False,False,False,False
2026-02-11 00:35:12.570272,25.0,True,False,True,False,False
2026-02-11 00:35:13.070900,27.5,True,False,True,False,False
2026-02-11 00:35:13.571660,30.0,True,False,True,False,False
2026-02-11 00:35:14.072140,32.5,True,False,True,False,False
2026-02-11 00:35:14.572824,35.0,True,False,True,False,False
2026-02-11 00:35:15.073383,37.5,True,False,True,False,False
2026-02-11 00:35:15.574285,40.0,True,False,True,False,False
2026-02-11 00:35:16.074952,42.5,True,False,True,False,False
2026-02-11 00:35:16.575646,45.0,True,False,True,False,False
2026-02-11 00:35:17.076329,47.5,True,False,True,False,False
2026-02-11 00:35:17.576962,50.0,True,False,True,False,False
2026-02-11 00:35:18.077519,52.5,True,False,True,False,False
2026-02-11 00:35:18.577983,55.0,True,False,True,False,False
2026-02-11 00:35:19.078666,57.5,True,False,True,False,False
2026-02-11 00:35:19.579299,60.0,True,False,True,False,False
2026-02-11 00:35:20.079766,62.5,True,False,True,False,False
2026-02-11 00:35:20.580618,65.0,True,False,True,False,False
2026-02-11 00:35:21.081276,67.5,True,False,True,False,False
2026-02-11 00:35:21.581961,70.0,True,False,True,False,False
2026-02-11 00:35:22.082600,72.5,True,False,True,False,False
2026-02-11 00:35:22.583199,75.0,True,True,True,False,False
2026-02-11 00:35:23.083756,72.5,False,False,True,False,False
2026-02-11 00:35:23.584425,70.0,False,False,True,False,False
2026-02-11 00:35:24.085026,67.5,False,False,True,False,False
2026-02-11 00:35:24.585565,65.0,False,False,True,False,False
2026-02-11 00:35:25.086032,62.5,False,False,True,False,False
2026-02-11 00:35:25.586886,60.0,False,False,True,False,False
2026-02-11 00:35:26.087760,57.5,False,False,True,False,False
2026-02-11 00:35:26.588508,55.0,False,False,True,False,False
2026-02-11 00:35:27.089067,52.5,False,False,True,False,False
2026-02-11 00:35:27.589754,50.0,False,False,True,False,False
2026-02-11 00:35:28.090285,47.5,False,False,True,False,False
2026-02-11 00:35:28.591058,45.0,False,False,True,False,False
2026-02-11 00:35:29.091641,42.5,False,False,True,False,False
2026-02-11 00:35:29.592380,40.0,False,False,True,False,False
2026-02-11 00:35:30.093004,37.5,False,False,True,False,False
2026-02-11 00:35:30.593482,35.0,False,False,True,False,False
2026-02-11 00:35:31.093928,32.5,False,False,True,False,False
2026-02-11 00:35:31.594576,30.0,False,False,True,False,False
2026-02-11 00:35:32.095001,27.5,False,False,True,False,False
2026-02-11 00:35:32.595519,25.0,False,False,True,False,False
2026-02-11 00:35:33.095999,22.5,False,False,False,False,False
2026-02-11 00:35:33.596529,25.0,True,False,True,False,False
2026-02-11 00:35:34.097180,27.5,True,False,True,False,False
2026-02-11 00:35:34.597818,30.0,True,False,True,False,False
2026-02-11 00:35:35.098450,32.5,True,False,True,False,False
2026-02-11 00:35:35.599105,35.0,True,False,True,False,False
2026-02-11 00:35:36.099608,37.5,True,False,True,False,False
2026-02-11 00:35:36.600193,40.0,True,False,True,False,False
2026-02-11 00:35:37.100856,42.5,True,False,True,False,False
2026-02-11 00:35:37.601520,45.0,True,False,True,False,False
2026-02-11 00:35:38.102200,47.5,True,False,True,False,False
2026-02-11 00:35:38.602885,50.0,True,False,True,False,False
2026-02-11 00:35:39.103623,52.5,True,False,True,False,False
2026-02-11 00:35:39.604193,55.0,True,False,True,False,False
2026-02-11 00:35:40.104912,57.5,True,False,True,False,False
2026-02-11 00:35:40.605393,60.0,True,False,True,False,False
2026-02-11 00:35:41.106098,62.5,True,False,True,False,False
2026-02-11 00:35:41.606657,65.0,True,False,True,False,False
2026-02-11 00:35:42.107189,67.5,True,False,True,False,False
2026-02-11 00:35:42.607816,70.0,True,False,True,False,False
2026-02-11 00:35:43.108360,72.5,True,False,True,False,False
2026-02-11 00:35:43.608911,75.0,True,True,True,False,False
2026-02-11 00:35:44.109592,72.5,False,False,True,False,False
2026-02-11 00:35:44.610220,70.0,False,False,True,False,False
2026-02-11 00:35:45.110824,67.5,False,False,True,False,False
2026-02-11 00:35:45.611260,65.0,False,False,True,False,False
2026-02-11 00:35:46.111865,62.5,False,False,True,False,False
2026-02-11 00:35:46.612283,60.0,False,False,True,False,False
2026-02-11 00:35:47.112972,57.5,False,False,True,False,False
2026-02-11 00:35:47.613648,55.0,False,False,True,False,False
2026-02-11 00:35:48.114221,52.5,False,False,True,False,False
2026-02-11 00:35:48.614889,50.0,False,False,True,False,False
2026-02-11 00:35:49.115431,47.5,False,False,True,False,False
2026-02-11 00:35:49.615959,45.0,False,False,True,False,False
2026-02-11 00:35:50.116640,42.5,False,False,True,False,False
2026-02-11 00:35:50.617104,40.0,False,False,True,False,False
2026-02-11 00:35:51.117709,37.5,False,False,True,False,False
2026-02-11 00:35:51.618396,35.0,False,False,True,False,False
2026-02-11 00:35:52.119053,32.5,False,False,True,False,False
2026-02-11 00:35:52.619555,30.0,False,False,True,False,False
2026-02-11 00:35:53.120193,27.5,False,False,True,False,False
2026-02-11 00:35:53.620936,25.0,False,False,True,False,False
2026-02-11 00:35:54.121591,22.5,False,False,False,False,False
2026-02-11 00:35:54.622293,25.0,True,False,True,False,False
2026-02-11 00:35:55.122706,27.5,True,False,True,False,False
2026-02-11 00:35:55.623362,30.0,True,False,True,False,False
2026-02-11 00:35:56.123998,32.5,True,False,True,False,False
2026-02-11 00:35:56.624627,35.0,True,False,True,False,False
2026-02-11 00:35:57.125037,37.5,True,False,True,False,False
2026-02-11 00:35:57.625482,40.0,True,False,True,False,False
2026-02-11 00:35:58.126048,42.5,True,False,True,False,False
2026-02-11 00:35:58.626567,45.0,True,False,True,False,False
2026-02-11 00:35:59.127253,47.5,True,False,True,False,False
2026-02-11 00:35:59.627881,50.0,True,False,True,False,False
2026-02-11 00:36:00.128319,52.5,True,False,True,False,False
2026-02-11 00:36:00.628953,55.0,True,False,True,False,False
2026-02-11 00:36:01.129479,57.5,True,False,True,False,False
2026-02-11 00:36:01.630040,60.0,True,False,True,False,False
2026-02-11 00:36:02.130513,62.5,True,False,True,False,False
2026-02-11 00:36:02.630918,65.0,True,False,True,False,False
2026-02-11 00:36:03.131486,67.5,True,False,True,False,False
2026-02-11 00:36:03.632188,70.0,True,False,True,False,False
2026-02-11 00:36:04.132668,72.5,True,False,True,False,False
2026-02-11 00:36:04.633337,75.0,True,True,True,False,False
2026-02-11 00:36:05.133931,72.5,False,False,True,False,False
2026-02-11 00:36:05.634471,70.0,False,False,True,False,False
2026-02-11 00:36:06.134998,67.5,False,False,True,False,False
2026-02-11 00:36:06.635697,65.0,False,False,True,False,False
2026-02-11 00:36:07.136245,62.5,False,False,True,False,False
2026-02-11 00:36:07.636658,60.0,False,False,True,False,False
2026-02-11 00:36:08.137225,57.5,False,False,True,False,False
2026-02-11 00:36:08.637731,55.0,False,False,True,False,False
2026-02-11 00:36:09.138465,52.5,False,False,True,False,False
2026-02-11 00:36:09.639412,50.0,False,False,True,False,False
2026-02-11 00:36:10.139942,47.5,False,False,True,False,False
2026-02-11 00:36:10.640585,45.0,False,False,True,False,False
2026-02-11 00:36:11.141136,42.5,False,False,True,False,False
2026-02-11 00:36:11.641769,40.0,False,False,True,False,False
2026-02-11 00:36:12.142197,37.5,False,False,True,False,False
2026-02-11 00:36:12.642835,35.0,False,False,True,False,False
2026-02-11 00:36:13.143274,32.5,False,False,True,False,False
2026-02-11 00:36:13.643975,30.0,False,False,True,False,False
2026-02-11 00:36:14.144668,27.5,False,False,True,False,False
2026-02-11 00:36:14.645131,25.0,False,False,True,False,False
2026-02-11 00:36:15.145591,22.5,False,False,False,False,False
2026-02-11 00:36:15.646067,25.0,True,False,True,False,False
2026-02-11 00:36:16.146758,27.5,True,False,True,False,False
2026-02-11 00:36:16.647378,30.0,True,False,True,False,False
2026-02-11 00:36:17.147979,32.5,True,False,True,False,False
2026-02-11 00:36:17.648574,35.0,True,False,True,False,False
2026-02-11 00:36:18.149020,37.5,True,False,True,False,False
2026-02-11 00:36:18.649656,40.0,True,False,True,False,False
2026-02-11 00:36:19.150219,42.5,True,False,True,False,False
2026-02-11 00:36:19.650892,45.0,True,False,True,False,False
2026-02-11 00:36:20.151394,47.5,True,False,True,False,False
2026-02-11 00:36:20.651996,50.0,True,False,True,False,False
2026-02-11 00:36:21.152579,52.5,True,False,True,False,False
2026-02-11 00:36:21.653242,55.0,True,False,True,False,False
2026-02-11 00:36:22.153971,57.5,True,False,True,False,False
2026-02-11 00:36:22.654659,60.0,True,False,True,False,False
2026-02-11 00:36:23.155139,62.5,True,False,True,False,False
2026-02-11 00:36:23.655812,65.0,True,False,True,False,False
2026-02-11 00:36:24.156530,67.5,True,False,True,False,False
2026-02-11 00:36:24.656961,70.0,True,False,True,False,False
2026-02-11 00:36:25.157702,72.5,True,False,True,False,False
2026-02-11 00:36:25.658143,75.0,True,True,True,False,False
2026-02-11 00:36:26.158846,72.5,False,False,True,False,False
2026-02-11 00:36:26.659513,70.0,False,False,True,False,False
2026-02-11 00:36:27.160222,67.5,False,False,True,False,False
2026-02-11 00:36:27.660846,65.0,False,False,True,False,False
2026-02-11 00:36:28.161283,62.5,False,False,True,False,False
2026-02-11 00:36:28.662030,60.0,False,False,True,False,False
2026-02-11 00:36:29.162690,57.5,False,False,True,False,False
2026-02-11 00:36:29.663262,55.0,False,False,True,False,False
2026-02-11 00:36:30.163737,52.5,False,False,True,False,False
2026-02-11 00:36:30.664354,50.0,False,False,True,False,False
2026-02-11 00:36:31.165014,47.5,False,False,True,False,False
2026-02-11 00:36:31.665720,45.0,False,False,True,False,False
2026-02-11 00:36:32.166180,42.5,False,False,True,False,False
2026-02-11 00:36:32.666640,40.0,False,False,True,False,False
2026-02-11 00:36:33.167095,37.5,False,False,True,False,False
2026-02-11 00:36:33.667770,35.0,False,False,True,False,False
2026-02-11 00:36:34.168439,32.5,False,False,True,False,False
2026-02-11 00:36:34.668897,30.0,False,False,True,False,False
2026-02-11 00:36:35.169543,27.5,False,False,True,False,False
2026-02-11 00:36:35.670195,25.0,False,False,True,False,False
2026-02-11 00:36:36.170728,22.5,False,False,False,False,False
2026-02-11 00:36:36.671365,25.0,True,False,True,False,False
2026-02-11 00:36:37.171866,27.5,True,False,True,False,False
2026-02-11 00:36:37.672603,30.0,True,False,True,False,False
2026-02-11 00:36:38.173319,32.5,True,False,True,False,False
2026-02-11 00:36:38.674047,35.0,True,False,True,False,False
2026-02-11 00:36:39.174530,37.5,True,False,True,False,False
2026-02-11 00:36:39.675256,40.0,True,False,True,False,False
2026-02-11 00:36:40.175775,42.5,True,False,True,False,False
2026-02-11 00:36:40.676325,45.0,True,False,True,False,False
2026-02-11 00:36:41.177012,47.5,True,False,True,False,False
2026-02-11 00:36:41.677538,50.0,True,False,True,False,False
2026-02-11 00:36:42.178147,52.5,True,False,True,False,False
2026-02-11 00:36:42.678834,55.0,True,False,True,False,False
2026-02-11 00:36:43.179340,57.5,True,False,True,False,False
2026-02-11 00:36:43.680060,60.0,True,False,True,False,False
2026-02-11 00:36:44.180695,62.5,True,False,True,False,False
2026-02-11 00:36:44.681141,65.0,True,False,True,False,False
2026-02-11 00:36:45.181795,67.5,True,False,True,False,False
2026-02-11 00:36:45.682365,70.0,True,False,True,False,False
2026-02-11 00:36:46.183108,72.5,True,False,True,False,False
2026-02-11 00:36:46.683803,75.0,True,True,True,False,False
2026-02-11 00:36:47.184500,72.5,False,False,True,False,False
2026-02-11 00:36:47.685129,70.0,False,False,True,False,False
2026-02-11 00:36:48.185590,67.5,False,False,True,False,False
2026-02-11 00:36:48.686267,65.0,False,False,True,False,False
2026-02-11 00:36:49.186894,62.5,False,False,True,False,False
2026-02-11 00:36:49.687385,60.0,False,False,True,False,False
2026-02-11 00:36:50.187944,57.5,False,False,True,False,False
2026-02-11 00:36:50.688502,55.0,False,False,True,False,False
2026-02-11 00:36:51.188989,52.5,False,False,True,False,False
2026-02-11 00:36:51.689545,50.0,False,False,True,False,False
2026-02-11 00:36:52.190049,47.5,False,False,True,False,False
2026-02-11 00:36:52.690759,45.0,False,False,True,False,False
2026-02-11 00:36:53.191326,42.5,False,False,True,False,False
2026-02-11 00:36:53.691792,40.0,False,False,True,False,False
2026-02-11 00:36:54.192473,37.5,False,False,True,False,False
2026-02-11 00:36:54.693130,35.0,False,False,True,False,False
2026-02-11 00:36:55.193799,32.5,False,False,True,False,False
2026-02-11 00:36:55.694477,30.0,False,False,True,False,False
2026-02-11 00:36:56.194897,27.5,False,False,True,False,False
2026-02-11 00:36:56.695618,25.0,False,False,True,False,False
2026-02-11 00:36:57.196261,22.5,False,False,False,False,False
2026-02-11 00:36:57.696919,25.0,True,False,True,False,False
2026-02-11 00:36:58.197525,27.5,True,False,True,False,False
2026-02-11 00:36:58.698204,30.0,True,False,True,False,False
2026-02-11 00:36:59.198834,32.5,True,False,True,False,False
2026-02-11 00:36:59.699488,35.0,True,False,True,False,False
2026-02-11 00:37:00.200006,37.5,True,False,True,False,False
2026-02-11 00:37:00.700707,40.0,True,False,True,False,False
2026-02-11 00:37:01.201415,42.5,True,False,True,False,False
2026-02-11 00:37:01.701899,45.0,True,False,True,False,False
2026-02-11 00:37:02.202462,47.5,True,False,True,False,False
2026-02-11 00:37:02.703196,50.0,True,False,True,False,False
2026-02-11 00:37:03.203723,52.5,True,False,True,False,False
2026-02-11 00:37:03.704345,55.0,True,False,True,False,False
2026-02-11 00:37:04.204975,57.5,True,False,True,False,False
2026-02-11 00:37:04.705794,60.0,True,False,True,False,False
2026-02-11 00:37:05.206354,62.5,True,False,True,False,False
2026-02-11 00:37:05.707095,65.0,True,False,True,False,False
2026-02-11 00:37:06.207729,67.5,True,False,True,False,False
2026-02-11 00:37:06.708364,70.0,True,False,True,False,False
2026-02-11 00:37:07.209027,72.5,True,False,True,False,False
2026-02-11 00:37:07.709618,75.0,True,True,True,False,False
2026-02-11 00:37:08.210316,72.5,False,False,True,False,False
2026-02-11 00:37:08.711012,70.0,False,False,True,False,False
2026-02-11 00:37:09.211715,67.5,False,False,True,False,False
2026-02-11 00:37:09.712370,65.0,False,False,True,False,False
2026-02-11 00:37:10.212813,62.5,False,False,True,False,False
2026-02-11 00:37:10.713379,60.0,False,False,True,False,False
2026-02-11 00:37:11.214004,57.5,False,False,True,False,False
2026-02-11 00:37:11.714534,55.0,False,False,True,False,False
2026-02-11 00:37:12.215225,52.5,False,False,True,False,False
2026-02-11 00:37:12.715693,50.0,False,False,True,False,False
2026-02-11 00:37:13.216403,47.5,False,False,True,False,False
2026-02-11 00:37:13.717066,45.0,False,False,True,False,False
2026-02-11 00:37:14.217742,42.5,False,False,True,False,False
2026-02-11 00:37:14.718425,40.0,False,False,True,False,False
2026-02-11 00:37:15.218961,37.5,False,False,True,False,False
2026-02-11 00:37:15.719414,35.0,False,False,True,False,False
2026-02-11 00:37:16.220023,32.5,False,False,True,False,False
2026-02-11 00:37:16.720703,30.0,False,False,True,False,False
2026-02-11 00:37:17.221404,27.5,False,False,True,False,False
2026-02-11 00:37:17.722017,25.0,False,False,True,False,False
2026-02-11 00:37:18.222861,22.5,False,False,False,False,False
2026-02-11 00:37:18.723456,25.0,True,False,True,False,False
2026-02-11 00:37:19.224168,27.5,True,False,True,False,False
2026-02-11 00:37:19.724655,30.0,True,False,True,False,False
2026-02-11 00:37:20.225214,32.5,True,False,True,False,False
2026-02-11 00:37:20.725913,35.0,True,False,True,False,False
2026-02-11 00:37:21.226569,37.5,True,False,True,False,False
2026-02-11 00:37:21.727246,40.0,True,False,True,False,False
2026-02-11 00:37:22.227690,42.5,True,False,True,False,False
2026-02-11 00:37:22.728328,45.0,True,False,True,False,False
2026-02-11 00:37:23.228776,47.5,True,False,True,False,False
2026-02-11 00:37:23.729476,50.0,True,False,True,False,False
2026-02-11 00:37:24.230036,52.5,True,False,True,False,False
2026-02-11 00:37:24.730752,55.0,True,False,True,False,False
2026-02-11 00:37:25.231392,57.5,True,False,True,False,False
2026-02-11 00:37:25.731917,60.0,True,False,True,False,False
2026-02-11 00:37:26.232468,62.5,True,False,True,False,False
2026-02-11 00:37:26.733157,65.0,True,False,True,False,False
2026-02-11 00:37:27.233855,67.5,True,False,True,False,False
2026-02-11 00:37:27.734457,70.0,True,False,True,False,False
2026-02-11 00:37:28.234999,72.5,True,False,True,False,False
2026-02-11 00:37:28.735523,75.0,True,True,True,False,False
2026-02-11 00:37:29.236069,72.5,False,False,True,False,False
2026-02-11 00:37:29.736567,70.0,False,False,True,False,False
2026-02-11 00:37:30.237256,67.5,False,False,True,False,False
2026-02-11 00:37:30.737977,65.0,False,False,True,False,False
2026-02-11 00:37:31.238758,62.5,False,False,True,False,False
2026-02-11 00:37:31.739507,60.0,False,False,True,False,False
2026-02-11 00:37:32.240080,57.5,False,False,True,False,False
2026-02-11 00:37:32.740613,55.0,False,False,True,False,False
2026-02-11 00:37:33.241135,52.5,False,False,True,False,False
2026-02-11 00:37:33.741817,50.0,False,False,True,False,False
2026-02-11 00:37:34.242427,47.5,False,False,True,False,False
2026-02-11 00:37:34.742908,45.0,False,False,True,False,False
2026-02-11 00:37:35.243546,42.5,False,False,True,False,False
2026-02-11 00:37:35.744175,40.0,False,False,True,False,False
2026-02-11 00:37:36.244863,37.5,False,False,True,False,False
2026-02-11 00:37:36.745330,35.0,False,False,True,False,False
2026-02-11 00:37:37.246025,32.5,False,False,True,False,False
2026-02-11 00:37:37.746638,30.0,False,False,True,False,False
2026-02-11 00:37:38.247338,27.5,False,False,True,False,False
2026-02-11 00:37:38.748006,25.0,False,False,True,False,False
2026-02-11 00:37:39.248576,22.5,False,False,False,False,False
2026-02-11 00:37:39.749216,25.0,True,False,True,False,False
2026-02-11 00:37:40.249846,27.5,True,False,True,False,False
2026-02-11 00:37:40.750539,30.0,True,False,True,False,False
2026-02-11 00:37:41.251191,32.5,True,False,True,False,False
2026-02-11 00:37:41.751612,35.0,True,False,True,False,False
2026-02-11 00:37:42.252101,37.5,True,False,True,False,False
2026-02-11 00:37:42.752677,40.0,True,False,True,False,False
2026-02-11 00:37:43.253310,42.5,True,False,True,False,False
2026-02-11 00:37:43.753726,45.0,True,False,True,False,False
2026-02-11 00:37:44.254457,47.5,True,False,True,False,False
2026-02-11 00:37:44.755098,50.0,True,False,True,False,False
2026-02-11 00:37:45.255680,52.5,True,False,True,False,False
2026-02-11 00:37:45.756379,55.0,True,False,True,False,False
2026-02-11 00:37:46.256821,57.5,True,False,True,False,False
2026-02-11 00:37:46.757321,60.0,True,False,True,False,False
2026-02-11 00:37:47.257779,62.5,True,False,True,False,False
2026-02-11 00:37:47.758409,65.0,True,False,True,False,False
2026-02-11 00:37:48.259091,67.5,True,False,True,False,False
2026-02-11 00:37:48.759748,70.0,True,False,True,False,False
2026-02-11 00:37:49.260361,72.5,True,False,True,False,False
2026-02-11 00:37:49.761010,75.0,True,True,True,False,False
2026-02-11 00:37:50.261586,72.5,False,False,True,False,False
2026-02-11 00:37:50.762111,70.0,False,False,True,False,False
2026-02-11 00:37:51.262772,67.5,False,False,True,False,False
2026-02-11 00:37:51.763347,65.0,False,False,True,False,False
2026-02-11 00:37:52.263782,62.5,False,False,True,False,False
2026-02-11 00:37:52.764475,60.0,False,False,True,False,False
2026-02-11 00:37:53.264886,57.5,False,False,True,False,False
2026-02-11 00:37:53.765549,55.0,False,False,True,False,False
2026-02-11 00:37:54.266185,52.5,False,False,True,False,False
2026-02-11 00:37:54.766716,50.0,False,False,True,False,False
2026-02-11 00:37:55.267355,47.5,False,False,True,False,False
2026-02-11 00:37:55.767782,45.0,False,False,True,False,False
2026-02-11 00:37:56.268290,42.5,False,False,True,False,False
2026-02-11 00:37:56.769025,40.0,False,False,True,False,False
2026-02-11 00:37:57.269545,37.5,False,False,True,False,False
2026-02-11 00:37:57.770205,35.0,False,False,True,False,False
2026-02-11 00:37:58.270842,32.5,False,False,True,False,False
2026-02-11 00:37:58.771416,30.0,False,False,True,False,False
2026-02-11 00:37:59.272055,27.5,False,False,True,False,False
2026-02-11 00:37:59.772530,25.0,False,False,True,False,False
2026-02-11 00:38:00.273007,22.5,False,False,False,False,False
2026-02-11 00:38:00.773660,25.0,True,False,True,False,False
2026-02-11 00:38:01.274325,27.5,True,False,True,False,False
2026-02-11 00:38:01.774751,30.0,True,False,True,False,False
2026-02-11 00:38:02.275369,32.5,True,False,True,False,False
2026-02-11 00:38:02.775977,35.0,True,False,True,False,False
2026-02-11 00:38:03.276595,37.5,True,False,True,False,False
2026-02-11 00:38:03.777271,40.0,True,False,True,False,False
2026-02-11 00:38:04.277818,42.5,True,False,True,False,False
2026-02-11 00:38:04.778339,45.0,True,False,True,False,False
2026-02-11 00:38:05.279054,47.5,True,False,True,False,False
2026-02-11 00:38:05.779729,50.0,True,False,True,False,False
2026-02-11 00:38:06.280411,52.5,True,False,True,False,False
2026-02-11 00:38:06.781019,55.0,True,False,True,False,False
2026-02-11 00:38:07.281727,57.5,True,False,True,False,False
2026-02-11 00:38:07.782314,60.0,True,False,True,False,False
2026-02-11 00:38:08.282930,62.5,True,False,True,False,False
2026-02-11 00:38:08.783577,65.0,True,False,True,False,False
2026-02-11 00:38:09.284257,67.5,True,False,True,False,False
2026-02-11 00:38:09.784895,70.0,True,False,True,False,False
2026-02-11 00:38:10.285410,72.5,True,False,True,False,False
2026-02-11 00:38:10.786073,75.0,True,True,True,False,False
2026-02-11 00:38:11.286544,72.5,False,False,True,False,False
2026-02-11 00:38:11.787019,70.0,False,False,True,False,False
2026-02-11 00:38:12.287675,67.5,False,False,True,False,False
2026-02-11 00:38:12.788348,65.0,False,False,True,False,False
2026-02-11 00:38:13.288962,62.5,False,False,True,False,False
2026-02-11 00:38:13.789538,60.0,False,False,True,False,False
2026-02-11 00:38:14.290101,57.5,False,False,True,False,False
2026-02-11 00:38:14.790648,55.0,False,False,True,False,False
2026-02-11 00:38:15.291328,52.5,False,False,True,False,False
2026-02-11 00:38:15.791886,50.0,False,False,True,False,False
2026-02-11 00:38:16.292423,47.5,False,False,True,False,False
2026-02-11 00:38:16.793078,45.0,False,False,True,False,False
2026-02-11 00:38:17.293759,42.5,False,False,True,False,False
2026-02-11 00:38:17.794170,40.0,False,False,True,False,False
2026-02-11 00:38:18.294876,37.5,False,False,True,False,False
2026-02-11 00:38:18.795516,35.0,False,False,True,False,False
2026-02-11 00:38:19.295984,32.5,False,False,True,False,False
2026-02-11 00:38:19.796680,30.0,False,False,True,False,False
2026-02-11 00:38:20.297232,27.5,False,False,True,False,False
2026-02-11 00:38:20.797860,25.0,False,False,True,False,False
2026-02-11 00:38:21.298564,22.5,False,False,False,False,False
2026-02-11 00:38:21.799224,25.0,True,False,True,False,False
2026-02-11 00:38:22.299898,27.5,True,False,True,False,False
2026-02-11 00:38:22.800399,30.0,True,False,True,False,False
2026-02-11 00:38:23.300880,32.5,True,False,True,False,False
2026-02-11 00:38:23.801551,35.0,True,False,True,False,False
2026-02-11 00:38:24.302237,37.5,True,False,True,False,False
2026-02-11 00:38:24.802896,40.0,True,False,True,False,False
2026-02-11 00:38:25.303400,42.5,True,False,True,False,False
2026-02-11 00:38:25.803962,45.0,True,False,True,False,False
2026-02-11 00:38:26.304445,47.5,True,False,True,False,False
2026-02-11 00:38:26.805119,50.0,True,False,True,False,False
2026-02-11 00:38:27.305804,52.5,True,False,True,False,False
2026-02-11 00:38:27.806426,55.0,True,False,True,False,False
2026-02-11 00:38:28.307123,57.5,True,False,True,False,False
2026-02-11 00:38:28.807648,60.0,True,False,True,False,False
2026-02-11 00:38:29.308333,62.5,True,False,True,False,False
2026-02-11 00:38:29.808827,65.0,True,False,True,False,False
2026-02-11 00:38:30.309343,67.5,True,False,True,False,False
2026-02-11 00:38:30.809941,70.0,True,False,True,False,False
2026-02-11 00:38:31.310454,72.5,True,False,True,False,False
2026-02-11 00:38:31.810984,75.0,True,True,True,False,False
2026-02-11 00:38:32.311655,72.5,False,False,True,False,False
2026-02-11 00:38:32.812328,70.0,False,False,True,False,False
2026-02-11 00:38:33.312983,67.5,False,False,True,False,False
2026-02-11 00:38:33.813451,65.0,False,False,True,False,False
2026-02-11 00:38:34.314029,62.5,False,False,True,False,False
2026-02-11 00:38:34.814475,60.0,False,False,True,False,False
2026-02-11 00:38:35.315127,57.5,False,False,True,False,False
2026-02-11 00:38:35.815650,55.0,False,False,True,False,False
2026-02-11 00:38:36.316229,52.5,False,False,True,False,False
2026-02-11 00:38:36.816871,50.0,False,False,True,False,False
2026-02-11 00:38:37.317500,47.5,False,False,True,False,False
2026-02-11 00:38:37.818135,45.0,False,False,True,False,False
2026-02-11 00:38:38.318800,42.5,False,False,True,False,False
2026-02-11 00:38:38.819460,40.0,False,False,True,False,False
2026-02-11 00:38:39.319888,37.5,False,False,True,False,False
2026-02-11 00:38:39.820548,35.0,False,False,True,False,False
2026-02-11 00:38:40.321115,32.5,False,False,True,False,False
2026-02-11 00:38:40.821768,30.0,False,False,True,False,False
2026-02-11 00:38:41.322361,27.5,False,False,True,False,False
2026-02-11 00:38:41.823040,25.0,False,False,True,False,False
2026-02-11 00:38:42.323492,22.5,False,False,False,False,False
2026-02-11 00:38:42.824101,25.0,True,False,True,False,False
2026-02-11 00:38:43.324800,27.5,True,False,True,False,False
2026-02-11 00:38:43.825225,30.0,True,False,True,False,False
2026-02-11 00:38:44.325890,32.5,True,False,True,False,False
2026-02-11 00:38:44.826368,35.0,True,False,True,False,False
2026-02-11 00:38:45.327018,37.5,True,False,True,False,False
2026-02-11 00:38:45.827704,40.0,True,False,True,False,False
2026-02-11 00:38:46.328346,42.5,True,False,True,False,False
2026-02-11 00:38:46.828749,45.0,True,False,True,False,False
2026-02-11 00:38:47.329401,47.5,True,False,True,False,False
2026-02-11 00:38:47.830070,50.0,True,False,True,False,False
2026-02-11 00:38:48.330604,52.5,True,False,True,False,False
2026-02-11 00:38:48.831282,55.0,True,False,True,False,False
2026-02-11 00:38:49.331899,57.5,True,False,True,False,False
2026-02-11 00:38:49.832317,60.0,True,False,True,False,False
2026-02-11 00:38:50.332977,62.5,True,False,True,False,False
2026-02-11 00:38:50.833411,65.0,True,False,True,False,False
2026-02-11 00:38:51.333861,67.5,True,False,True,False,False
2026-02-11 00:38:51.834419,70.0,True,False,True,False,False
2026-02-11 00:38:52.335031,72.5,True,False,True,False,False
2026-02-11 00:38:52.835709,75.0,True,True,True,False,False
2026-02-11 00:38:53.336400,72.5,False,False,True,False,False
2026-02-11 00:38:53.837033,70.0,False,False,True,False,False
2026-02-11 00:38:54.337726,67.5,False,False,True,False,False
2026-02-11 00:38:54.838383,65.0,False,False,True,False,False
2026-02-11 00:38:55.338909,62.5,False,False,True,False,False
2026-02-11 00:38:55.839549,60.0,False,False,True,False,False
2026-02-11 00:38:56.340025,57.5,False,False,True,False,False
2026-02-11 00:38:56.840695,55.0,False,False,True,False,False
2026-02-11 00:38:57.341353,52.5,False,False,True,False,False
2026-02-11 00:38:57.842022,50.0,False,False,True,False,False
2026-02-11 00:38:58.342607,47.5,False,False,True,False,False
2026-02-11 00:38:58.843140,45.0,False,False,True,False,False
2026-02-11 00:38:59.343674,42.5,False,False,True,False,False
2026-02-11 00:38:59.844269,40.0,False,False,True,False,False
2026-02-11 00:39:00.344733,37.5,False,False,True,False,False
2026-02-11 00:39:00.845361,35.0,False,False,True,False,False
2026-02-11 00:39:01.345907,32.5,False,False,True,False,False
2026-02-11 00:39:01.846336,30.0,False,False,True,False,False
2026-02-11 00:39:02.347056,27.5,False,False,True,False,False
2026-02-11 00:39:02.847643,25.0,False,False,True,False,False
2026-02-11 00:39:03.348322,22.5,False,False,False,False,False
2026-02-11 00:39:03.848835,25.0,True,False,True,False,False
2026-02-11 00:39:04.349336,27.5,True,False,True,False,False
2026-02-11 00:39:04.850003,30.0,True,False,True,False,False
2026-02-11 00:39:05.350533,32.5,True,False,True,False,False
2026-02-11 00:39:05.851112,35.0,True,False,True,False,False
2026-02-11 00:39:06.351732,37.5,True,False,True,False,False
2026-02-11 00:39:06.852356,40.0,True,False,True,False,False
2026-02-11 00:39:07.352941,42.5,True,False,True,False,False
2026-02-11 00:39:07.853574,45.0,True,False,True,False,False
2026-02-11 00:39:08.353991,47.5,True,False,True,False,False
2026-02-11 00:39:08.854392,50.0,True,False,True,False,False
2026-02-11 00:39:09.354893,52.5,True,False,True,False,False
2026-02-11 00:39:09.855588,55.0,True,False,True,False,False
2026-02-11 00:39:10.356171,57.5,True,False,True,False,False
2026-02-11 00:39:10.856593,60.0,True,False,True,False,False
2026-02-11 00:39:11.357124,62.5,True,False,True,False,False
2026-02-11 00:39:11.857537,65.0,True,False,True,False,False
2026-02-11 00:39:12.358189,67.5,True,False,True,False,False
2026-02-11 00:39:12.858737,70.0,True,False,True,False,False
2026-02-11 00:39:13.359399,72.5,True,False,True,False,False
2026-02-11 00:39:13.859867,75.0,True,True,True,False,False
2026-02-11 00:39:14.360328,72.5,False,False,True,False,False
2026-02-11 00:39:14.860999,70.0,False,False,True,False,False
2026-02-11 00:39:15.361614,67.5,False,False,True,False,False
2026-02-11 00:39:15.862016,65.0,False,False,True,False,False
2026-02-11 00:39:16.362623,62.5,False,False,True,False,False
2026-02-11 00:39:16.863318,60.0,False,False,True,False,False
2026-02-11 00:39:17.363958,57.5,False,False,True,False,False
2026-02-11 00:39:17.864569,55.0,False,False,True,False,False
2026-02-11 00:39:18.364984,52.5,False,False,True,False,False
2026-02-11 00:39:18.865579,50.0,False,False,True,False,False
2026-02-11 00:39:19.366285,47.5,False,False,True,False,False
2026-02-11 00:39:19.866996,45.0,False,False,True,False,False
2026-02-11 00:39:20.367560,42.5,False,False,True,False,False
2026-02-11 00:39:20.867997,40.0,False,False,True,False,False
2026-02-11 00:39:21.368714,37.5,False,False,True,False,False
2026-02-11 00:39:21.869380,35.0,False,False,True,False,False
2026-02-11 00:39:22.370082,32.5,False,False,True,False,False
2026-02-11 00:39:22.870619,30.0,False,False,True,False,False
2026-02-11 00:39:23.371273,27.5,False,False,True,False,False
2026-02-11 00:39:23.871726,25.0,False,False,True,False,False
2026-02-11 00:39:24.372406,22.5,False,False,False,False,False
2026-02-11 00:39:24.873000,25.0,True,False,True,False,False
2026-02-11 00:39:25.373545,27.5,True,False,True,False,False
2026-02-11 00:39:25.874208,30.0,True,False,True,False,False
2026-02-11 00:39:26.374673,32.5,True,False,True,False,False
2026-02-11 00:39:26.875319,35.0,True,False,True,False,False
2026-02-11 00:39:27.376010,37.5,True,False,True,False,False
2026-02-11 00:39:27.876660,40.0,True,False,True,False,False
2026-02-11 00:39:28.377104,42.5,True,False,True,False,False
2026-02-11 00:39:28.877752,45.0,True,False,True,False,False
2026-02-11 00:39:29.378237,47.5,True,False,True,False,False
2026-02-11 00:39:29.878710,50.0,True,False,True,False,False
2026-02-11 00:39:30.379384,52.5,True,False,True,False,False
2026-02-11 00:39:30.879961,55.0,True,False,True,False,False
2026-02-11 00:39:31.380429,57.5,True,False,True,False,False
2026-02-11 00:39:31.881121,60.0,True,False,True,False,False
2026-02-11 00:39:32.381783,62.5,True,False,True,False,False
2026-02-11 00:39:32.882213,65.0,True,False,True,False,False
2026-02-11 00:39:33.382907,67.5,True,False,True,False,False
2026-02-11 00:39:33.883606,70.0,True,False,True,False,False
2026-02-11 00:39:34.384141,72.5,True,False,True,False,False
2026-02-11 00:39:34.884820,75.0,True,True,True,False,False
2026-02-11 00:39:35.385334,72.5,False,False,True,False,False
2026-02-11 00:39:35.885894,70.0,False,False,True,False,False
2026-02-11 00:39:36.386524,67.5,False,False,True,False,False
2026-02-11 00:39:36.886942,65.0,False,False,True,False,False
2026-02-11 00:39:37.387616,62.5,False,False,True,False,False
2026-02-11 00:39:37.888253,60.0,False,False,True,False,False
2026-02-11 00:39:38.388869,57.5,False,False,True,False,False
2026-02-11 00:39:38.889515,55.0,False,False,True,False,False
2026-02-11 00:39:39.390160,52.5,False,False,True,False,False
2026-02-11 00:39:39.890723,50.0,False,False,True,False,False
2026-02-11 00:39:40.391170,47.5,False,False,True,False,False
2026-02-11 00:39:40.891842,45.0,False,False,True,False,False
2026-02-11 00:39:41.392527,42.5,False,False,True,False,False
2026-02-11 00:39:41.893188,40.0,False,False,True,False,False
2026-02-11 00:39:42.393901,37.5,False,False,True,False,False
2026-02-11 00:39:42.894330,35.0,False,False,True,False,False
2026-02-11 00:39:43.394991,32.5,False,False,True,False,False
2026-02-11 00:39:43.895456,30.0,False,False,True,False,False
2026-02-11 00:39:44.396115,27.5,False,False,True,False,False
2026-02-11 00:39:44.896827,25.0,False,False,True,False,False
2026-02-11 00:39:45.397324,22.5,False,False,False,False,False
2026-02-11 00:39:45.898005,25.0,True,False,True,False,False
2026-02-11 00:39:46.398673,27.5,True,False,True,False,False
2026-02-11 00:39:46.899306,30.0,True,False,True,False,False
2026-02-11 00:39:47.399987,32.5,True,False,True,False,False
2026-02-11 00:39:47.900565,35.0,True,False,True,False,False
2026-02-11 00:39:48.401105,37.5,True,False,True,False,False
2026-02-11 00:39:48.901721,40.0,True,False,True,False,False
2026-02-11 00:39:49.402374,42.5,True,False,True,False,False
2026-02-11 00:39:49.903041,45.0,True,False,True,False,False
2026-02-11 00:39:50.403657,47.5,True,False,True,False,False
2026-02-11 00:39:50.904234,50.0,True,False,True,False,False
2026-02-11 00:39:51.404642,52.5,True,False,True,False,False
2026-02-11 00:39:51.905132,55.0,True,False,True,False,False
2026-02-11 00:39:52.405550,57.5,True,False,True,False,False
2026-02-11 00:39:52.906223,60.0,True,False,True,False,False
2026-02-11 00:39:53.406943,62.5,True,False,True,False,False
2026-02-11 00:39:53.907639,65.0,True,False,True,False,False
2026-02-11 00:39:54.408270,67.5,True,False,True,False,False
2026-02-11 00:39:54.908853,70.0,True,False,True,False,False
2026-02-11 00:39:55.409486,72.5,True,False,True,False,False
2026-02-11 00:39:55.909975,75.0,True,True,True,False,False
2026-02-11 00:39:56.410504,72.5,False,False,True,False,False
2026-02-11 00:39:56.911182,70.0,False,False,True,False,False
2026-02-11 00:39:57.411813,67.5,False,False,True,False,False
2026-02-11 00:39:57.912490,65.0,False,False,True,False,False
2026-02-11 00:39:58.413131,62.5,False,False,True,False,False
2026-02-11 00:39:58.913799,60.0,False,False,True,False,False
2026-02-11 00:39:59.414486,57.5,False,False,True,False,False
2026-02-11 00:39:59.915136,55.0,False,False,True,False,False
2026-02-11 00:40:00.415539,52.5,False,False,True,False,False
2026-02-11 00:40:00.916225,50.0,False,False,True,False,False
2026-02-11 00:40:01.416776,47.5,False,False,True,False,False
2026-02-11 00:40:01.917209,45.0,False,False,True,False,False
2026-02-11 00:40:02.417765,42.5,False,False,True,False,False
2026-02-11 00:40:02.918183,40.0,False,False,True,False,False
2026-02-11 00:40:03.418856,37.5,False,False,True,False,False
2026-02-11 00:40:03.919546,35.0,False,False,True,False,False
2026-02-11 00:40:04.420037,32.5,False,False,True,False,False
2026-02-11 00:40:04.920493,30.0,False,False,True,False,False
2026-02-11 00:40:05.421104,27.5,False,False,True,False,False
2026-02-11 00:40:05.921543,25.0,False,False,True,False,False
2026-02-11 00:40:06.422210,22.5,False,False,False,False,False
2026-02-11 00:40:06.922838,25.0,True,False,True,False,False
2026-02-11 00:40:07.423512,27.5,True,False,True,False,False
2026-02-11 00:40:07.923938,30.0,True,False,True,False,False
2026-02-11 00:40:08.424607,32.5,True,False,True,False,False
2026-02-11 00:40:08.925098,35.0,True,False,True,False,False
2026-02-11 00:40:09.425725,37.5,True,False,True,False,False
2026-02-11 00:40:09.926229,40.0,True,False,True,False,False
2026-02-11 00:40:10.426899,42.5,True,False,True,False,False
2026-02-11 00:40:10.927657,45.0,True,False,True,False,False
2026-02-11 00:40:11.428315,47.5,True,False,True,False,False
2026-02-11 00:40:11.929006,50.0,True,False,True,False,False
2026-02-11 00:40:12.429561,52.5,True,False,True,False,False
2026-02-11 00:40:12.930135,55.0,True,False,True,False,False
2026-02-11 00:40:13.430755,57.5,True,False,True,False,False
2026-02-11 00:40:13.931264,60.0,True,False,True,False,False
2026-02-11 00:40:14.431849,62.5,True,False,True,False,False
2026-02-11 00:40:14.932319,65.0,True,False,True,False,False
2026-02-11 00:40:15.432852,67.5,True,False,True,False,False
2026-02-11 00:40:15.933552,70.0,True,False,True,False,False
2026-02-11 00:40:16.434264,72.5,True,False,True,False,False
2026-02-11 00:40:16.934934,75.0,True,True,True,False,False
2026-02-11 00:40:17.435513,72.5,False,False,True,False,False
2026-02-11 00:40:17.935964,70.0,False,False,True,False,False
2026-02-11 00:40:18.436627,67.5,False,False,True,False,False
2026-02-11 00:40:18.937125,65.0,False,False,True,False,False
2026-02-11 00:40:19.437778,62.5,False,False,True,False,False
2026-02-11 00:40:19.938361,60.0,False,False,True,False,False
2026-02-11 00:40:20.438883,57.5,False,False,True,False,False
2026-02-11 00:40:20.939453,55.0,False,False,True,False,False
2026-02-11 00:40:21.440158,52.5,False,False,True,False,False
2026-02-11 00:40:21.940829,50.0,False,False,True,False,False
2026-02-11 00:40:22.441395,47.5,False,False,True,False,False
2026-02-11 00:40:22.942074,45.0,False,False,True,False,False
2026-02-11 00:40:23.442585,42.5,False,False,True,False,False
2026-02-11 00:40:23.943342,40.0,False,False,True,False,False
2026-02-11 00:40:24.443920,37.5,False,False,True,False,False
2026-02-11 00:40:24.944468,35.0,False,False,True,False,False
2026-02-11 00:40:25.444996,32.5,False,False,True,False,False
2026-02-11 00:40:25.945503,30.0,False,False,True,False,False
2026-02-11 00:40:26.446240,27.5,False,False,True,False,False
2026-02-11 00:40:26.946832,25.0,False,False,True,False,False
2026-02-11 00:40:27.447502,22.5,False,False,False,False,False
2026-02-11 00:40:27.948191,25.0,True,False,True,False,False
2026-02-11 00:40:28.448757,27.5,True,False,True,False,False
2026-02-11 00:40:28.949331,30.0,True,False,True,False,False
2026-02-11 00:40:29.449811,32.5,True,False,True,False,False
2026-02-11 00:40:29.950402,35.0,True,False,True,False,False
2026-02-11 00:40:30.450845,37.5,True,False,True,False,False
2026-02-11 00:40:30.951432,40.0,True,False,True,False,False
2026-02-11 00:40:31.452129,42.5,True,False,True,False,False
2026-02-11 00:40:31.952555,45.0,True,False,True,False,False
2026-02-11 00:40:32.453197,47.5,True,False,True,False,False
2026-02-11 00:40:32.953812,50.0,True,False,True,False,False
2026-02-11 00:40:33.454459,52.5,True,False,True,False,False
2026-02-11 00:40:33.954917,55.0,True,False,True,False,False
2026-02-11 00:40:34.455489,57.5,True,False,True,False,False
2026-02-11 00:40:34.955931,60.0,True,False,True,False,False
2026-02-11 00:40:35.456537,62.5,True,False,True,False,False
2026-02-11 00:40:35.957189,65.0,True,False,True,False,False
2026-02-11 00:40:36.457852,67.5,True,False,True,False,False
2026-02-11 00:40:36.958527,70.0,True,False,True,False,False
2026-02-11 00:40:37.459192,72.5,True,False,True,False,False
2026-02-11 00:40:37.959639,75.0,True,True,True,False,False
2026-02-11 00:40:38.460226,72.5,False,False,True,False,False
2026-02-11 00:40:38.960836,70.0,False,False,True,False,False
2026-02-11 00:40:39.461483,67.5,False,False,True,False,False
2026-02-11 00:40:39.962179,65.0,False,False,True,False,False
2026-02-11 00:40:40.462775,62.5,False,False,True,False,False
2026-02-11 00:40:40.963350,60.0,False,False,True,False,False
2026-02-11 00:40:41.463941,57.5,False,False,True,False,False
2026-02-11 00:40:41.964374,55.0,False,False,True,False,False
2026-02-11 00:40:42.464973,52.5,False,False,True,False,False
2026-02-11 00:40:42.965652,50.0,False,False,True,False,False
2026-02-11 00:40:43.466200,47.5,False,False,True,False,False
2026-02-11 00:40:43.966936,45.0,False,False,True,False,False
2026-02-11 00:40:44.467449,42.5,False,False,True,False,False
2026-02-11 00:40:44.967997,40.0,False,False,True,False,False
2026-02-11 00:40:45.468467,37.5,False,False,True,False,False
2026-02-11 00:40:45.968977,35.0,False,False,True,False,False
2026-02-11 00:40:46.469430,32.5,False,False,True,False,False
2026-02-11 00:40:46.970148,30.0,False,False,True,False,False
2026-02-11 00:40:47.470697,27.5,False,False,True,False,False
2026-02-11 00:40:47.971245,25.0,False,False,True,False,False
2026-02-11 00:40:48.471707,22.5,False,False,False,False,False
2026-02-11 00:40:48.972323,25.0,True,False,True,False,False
2026-02-11 00:40:49.472864,27.5,True,False,True,False,False
2026-02-11 00:40:49.973492,30.0,True,False,True,False,False
2026-02-11 00:40:50.474124,32.5,True,False,True,False,False
2026-02-11 00:40:50.974533,35.0,True,False,True,False,False
2026-02-11 00:40:51.475040,37.5,True,False,True,False,False
2026-02-11 00:40:51.975770,40.0,True,False,True,False,False
2026-02-11 00:40:52.476271,42.5,True,False,True,False,False
2026-02-11 00:40:52.976913,45.0,True,False,True,False,False
2026-02-11 00:40:53.477611,47.5,True,False,True,False,False
2026-02-11 00:40:53.978055,50.0,True,False,True,False,False
2026-02-11 00:40:54.478652,52.5,True,False,True,False,False
2026-02-11 00:40:54.979297,55.0,True,False,True,False,False
2026-02-11 00:40:55.479874,57.5,True,False,True,False,False
2026-02-11 00:40:55.980529,60.0,True,False,True,False,False
2026-02-11 00:40:56.481146,62.5,True,False,True,False,False
2026-02-11 00:40:56.981660,65.0,True,False,True,False,False
2026-02-11 00:40:57.482293,67.5,True,False,True,False,False
2026-02-11 00:40:57.982943,70.0,True,False,True,False,False
2026-02-11 00:40:58.483531,72.5,True,False,True,False,False
2026-02-11 00:40:58.984098,75.0,True,True,True,False,False
2026-02-11 00:40:59.484721,72.5,False,False,True,False,False
2026-02-11 00:40:59.985226,70.0,False,False,True,False,False
2026-02-11 00:41:00.485900,67.5,False,False,True,False,False
2026-02-11 00:41:00.986624,65.0,False,False,True,False,False
2026-02-11 00:41:01.487238,62.5,False,False,True,False,False
2026-02-11 00:41:01.987779,60.0,False,False,True,False,False
2026-02-11 00:41:02.488488,57.5,False,False,True,False,False
2026-02-11 00:41:02.989184,55.0,False,False,True,False,False
2026-02-11 00:41:03.489804,52.5,False,False,True,False,False
2026-02-11 00:41:03.990392,50.0,False,False,True,False,False
2026-02-11 00:41:04.490917,47.5,False,False,True,False,False
2026-02-11 00:41:04.991516,45.0,False,False,True,False,False
2026-02-11 00:41:05.492073,42.5,False,False,True,False,False
2026-02-11 00:41:05.992527,40.0,False,False,True,False,False
2026-02-11 00:41:06.493170,37.5,False,False,True,False,False
2026-02-11 00:41:06.993837,35.0,False,False,True,False,False
2026-02-11 00:41:07.494511,32.5,False,False,True,False,False
2026-02-11 00:41:07.995167,30.0,False,False,True,False,False
2026-02-11 00:41:08.495649,27.5,False,False,True,False,False
2026-02-11 00:41:08.996353,25.0,False,False,True,False,False
2026-02-11 00:41:09.496857,22.5,False,False,False,False,False
2026-02-11 00:41:09.997529,25.0,True,False,True,False,False
2026-02-11 00:41:10.498031,27.5,True,False,True,False,False
2026-02-11 00:41:10.998507,30.0,True,False,True,False,False
2026-02-11 00:41:11.499186,32.5,True,False,True,False,False
2026-02-11 00:41:11.999610,35.0,True,False,True,False,False
2026-02-11 00:41:12.500015,37.5,True,False,True,False,False
2026-02-11 00:41:13.000700,40.0,True,False,True,False,False
2026-02-11 00:41:13.501242,42.5,True,False,True,False,False
2026-02-11 00:41:14.001917,45.0,True,False,True,False,False
2026-02-11 00:41:14.502430,47.5,True,False,True,False,False
2026-02-11 00:41:15.002963,50.0,True,False,True,False,False
2026-02-11 00:41:15.503704,52.5,True,False,True,False,False
2026-02-11 00:41:16.004377,55.0,True,False,True,False,False
2026-02-11 00:41:16.504851,57.5,True,False,True,False,False
2026-02-11 00:41:17.005485,60.0,True,False,True,False,False
2026-02-11 00:41:17.506157,62.5,True,False,True,False,False
2026-02-11 00:41:18.006651,65.0,True,False,True,False,False
2026-02-11 00:41:18.507387,67.5,True,False,True,False,False
2026-02-11 00:41:19.008077,70.0,True,False,True,False,False
2026-02-11 00:41:19.508808,72.5,True,False,True,False,False
2026-02-11 00:41:20.009312,75.0,True,True,True,False,False
2026-02-11 00:41:20.509940,72.5,False,False,True,False,False
2026-02-11 00:41:21.010427,70.0,False,False,True,False,False
2026-02-11 00:41:21.511138,67.5,False,False,True,False,False
2026-02-11 00:41:22.011566,65.0,False,False,True,False,False
2026-02-11 00:41:22.512210,62.5,False,False,True,False,False
2026-02-11 00:41:23.012853,60.0,False,False,True,False,False
2026-02-11 00:41:23.513515,57.5,False,False,True,False,False
2026-02-11 00:41:24.014074,55.0,False,False,True,False,False
2026-02-11 00:41:24.514763,52.5,False,False,True,False,False
2026-02-11 00:41:25.015335,50.0,False,False,True,False,False
2026-02-11 00:41:25.516025,47.5,False,False,True,False,False
2026-02-11 00:41:26.016722,45.0,False,False,True,False,False
2026-02-11 00:41:26.517269,42.5,False,False,True,False,False
2026-02-11 00:41:27.017713,40.0,False,False,True,False,False
2026-02-11 00:41:27.518278,37.5,False,False,True,False,False
2026-02-11 00:41:28.018969,35.0,False,False,True,False,False
2026-02-11 00:41:28.519685,32.5,False,False,True,False,False
2026-02-11 00:41:29.020368,30.0,False,False,True,False,False
2026-02-11 00:41:29.520804,27.5,False,False,True,False,False
2026-02-11 00:41:30.021471,25.0,False,False,True,False,False
2026-02-11 00:41:30.522109,22.5,False,False,False,False,False
2026-02-11 00:41:31.022721,25.0,True,False,True,False,False
2026-02-11 00:41:31.523333,27.5,True,False,True,False,False
2026-02-11 00:41:32.023892,30.0,True,False,True,False,False
2026-02-11 00:41:32.524613,32.5,True,False,True,False,False
2026-02-11 00:41:33.025113,35.0,True,False,True,False,False
2026-02-11 00:41:33.525761,37.5,True,False,True,False,False
2026-02-11 00:41:34.026254,40.0,True,False,True,False,False
2026-02-11 00:41:34.526843,42.5,True,False,True,False,False
2026-02-11 00:41:35.027308,45.0,True,False,True,False,False
2026-02-11 00:41:35.527937,47.5,True,False,True,False,False
2026-02-11 00:41:36.028638,50.0,True,False,True,False,False
2026-02-11 00:41:36.529270,52.5,True,False,True,False,False
2026-02-11 00:41:37.029975,55.0,True,False,True,False,False
2026-02-11 00:41:37.530636,57.5,True,False,True,False,False
2026-02-11 00:41:38.031288,60.0,True,False,True,False,False
2026-02-11 00:41:38.531962,62.5,True,False,True,False,False
2026-02-11 00:41:39.032680,65.0,True,False,True,False,False
2026-02-11 00:41:39.533358,67.5,True,False,True,False,False
2026-02-11 00:41:40.033957,70.0,True,False,True,False,False
2026-02-11 00:41:40.534625,72.5,True,False,True,False,False
2026-02-11 00:41:41.035171,75.0,True,True,True,False,False
2026-02-11 00:41:41.535811,72.5,False,False,True,False,False
2026-02-11 00:41:42.036312,70.0,False,False,True,False,False
2026-02-11 00:41:42.536846,67.5,False,False,True,False,False
2026-02-11 00:41:43.037400,65.0,False,False,True,False,False
2026-02-11 00:41:43.537984,62.5,False,False,True,False,False
2026-02-11 00:41:44.038649,60.0,False,False,True,False,False
2026-02-11 00:41:44.539228,57.5,False,False,True,False,False
2026-02-11 00:41:45.039678,55.0,False,False,True,False,False
2026-02-11 00:41:45.540153,52.5,False,False,True,False,False
2026-02-11 00:41:46.040739,50.0,False,False,True,False,False
2026-02-11 00:41:46.541409,47.5,False,False,True,False,False
2026-02-11 00:41:47.042078,45.0,False,False,True,False,False
2026-02-11 00:41:47.542529,42.5,False,False,True,False,False
2026-02-11 00:41:48.042965,40.0,False,False,True,False,False
2026-02-11 00:41:48.543644,37.5,False,False,True,False,False
2026-02-11 00:41:49.044182,35.0,False,False,True,False,False
2026-02-11 00:41:49.544729,32.5,False,False,True,False,False
2026-02-11 00:41:50.045294,30.0,False,False,True,False,False
2026-02-11 00:41:50.545773,27.5,False,False,True,False,False
2026-02-11 00:41:51.046510,25.0,False,False,True,False,False
2026-02-11 00:41:51.547038,22.5,False,False,False,False,False
2026-02-11 00:41:52.047699,25.0,True,False,True,False,False
2026-02-11 00:41:52.548112,27.5,True,False,True,False,False
2026-02-11 00:41:53.048722,30.0,True,False,True,False,False
2026-02-11 00:41:53.549448,32.5,True,False,True,False,False
2026-02-11 00:41:54.050022,35.0,True,False,True,False,False
2026-02-11 00:41:54.550562,37.5,True,False,True,False,False
2026-02-11 00:41:55.051118,40.0,True,False,True,False,False
2026-02-11 00:41:55.551754,42.5,True,False,True,False,False
2026-02-11 00:41:56.052461,45.0,True,False,True,False,False
2026-02-11 00:41:56.553091,47.5,True,False,True,False,False
2026-02-11 00:41:57.053785,50.0,True,False,True,False,False
2026-02-11 00:41:57.554450,52.5,True,False,True,False,False
2026-02-11 00:41:58.054984,55.0,True,False,True,False,False
2026-02-11 00:41:58.555405,57.5,True,False,True,False,False
2026-02-11 00:41:59.056062,60.0,True,False,True,False,False
2026-02-11 00:41:59.556506,62.5,True,False,True,False,False
2026-02-11 00:42:00.057089,65.0,True,False,True,False,False
2026-02-11 00:42:00.557652,67.5,True,False,True,False,False
2026-02-11 00:42:01.058237,70.0,True,False,True,False,False
2026-02-11 00:42:01.558830,72.5,True,False,True,False,False
2026-02-11 00:42:02.059391,75.0,True,True,True,False,False
2026-02-11 00:42:02.560101,72.5,False,False,True,False,False
2026-02-11 00:42:03.060757,70.0,False,False,True,False,False
2026-02-11 00:42:03.561428,67.5,False,False,True,False,False
2026-02-11 00:42:04.062033,65.0,False,False,True,False,False
2026-02-11 00:42:04.562690,62.5,False,False,True,False,False
2026-02-11 00:42:05.063347,60.0,False,False,True,False,False
2026-02-11 00:42:05.564038,57.5,False,False,True,False,False
2026-02-11 00:42:06.064719,55.0,False,False,True,False,False
2026-02-11 00:42:06.565280,52.5,False,False,True,False,False
2026-02-11 00:42:07.065828,50.0,False,False,True,False,False
2026-02-11 00:42:07.566514,47.5,False,False,True,False,False
2026-02-11 00:42:08.067220,45.0,False,False,True,False,False
2026-02-11 00:42:08.567811,42.5,False,False,True,False,False
2026-02-11 00:42:09.068423,40.0,False,False,True,False,False
2026-02-11 00:42:09.568960,37.5,False,False,True,False,False
2026-02-11 00:42:10.069515,35.0,False,False,True,False,False
2026-02-11 00:42:10.569981,32.5,False,False,True,False,False
2026-02-11 00:42:11.070653,30.0,False,False,True,False,False
2026-02-11 00:42:11.571246,27.5,False,False,True,False,False
2026-02-11 00:42:12.071942,25.0,False,False,True,False,False
2026-02-11 00:42:12.572578,22.5,False,False,False,False,False
2026-02-11 00:42:13.073109,25.0,True,False,True,False,False
2026-02-11 00:42:13.573629,27.5,True,False,True,False,False
2026-02-11 00:42:14.074078,30.0,True,False,True,False,False
2026-02-11 00:42:14.574624,32.5,True,False,True,False,False
2026-02-11 00:42:15.075390,35.0,True,False,True,False,False
2026-02-11 00:42:15.575896,37.5,True,False,True,False,False
2026-02-11 00:42:16.076587,40.0,True,False,True,False,False
2026-02-11 00:42:16.577442,42.5,True,False,True,False,False
2026-02-11 00:42:17.078149,45.0,True,False,True,False,False
2026-02-11 00:42:17.578740,47.5,True,False,True,False,False
2026-02-11 00:42:18.079321,50.0,True,False,True,False,False
2026-02-11 00:42:18.579819,52.5,True,False,True,False,False
2026-02-11 00:42:19.080419,55.0,True,False,True,False,False
2026-02-11 00:42:19.581155,57.5,True,False,True,False,False
2026-02-11 00:42:20.081997,60.0,True,False,True,False,False
2026-02-11 00:42:20.582879,62.5,True,False,True,False,False
2026-02-11 00:42:21.083387,65.0,True,False,True,False,False
2026-02-11 00:42:21.584044,67.5,True,False,True,False,False
2026-02-11 00:42:22.084575,70.0,True,False,True,False,False
2026-02-11 00:42:22.585055,72.5,True,False,True,False,False
2026-02-11 00:42:23.085731,75.0,True,True,True,False,False
2026-02-11 00:42:23.586407,72.5,False,False,True,False,False
2026-02-11 00:42:24.087081,70.0,False,False,True,False,False
2026-02-11 00:42:24.587664,67.5,False,False,True,False,False
2026-02-11 00:42:25.088361,65.0,False,False,True,False,False
2026-02-11 00:42:25.588923,62.5,False,False,True,False,False
2026-02-11 00:42:26.089554,60.0,False,False,True,False,False
2026-02-11 00:42:26.590205,57.5,False,False,True,False,False
2026-02-11 00:42:27.090725,55.0,False,False,True,False,False
2026-02-11 00:42:27.591236,52.5,False,False,True,False,False
2026-02-11 00:42:28.091808,50.0,False,False,True,False,False
2026-02-11 00:42:28.592512,47.5,False,False,True,False,False
2026-02-11 00:42:29.093224,45.0,False,False,True,False,False
2026-02-11 00:42:29.593951,42.5,False,False,True,False,False
2026-02-11 00:42:30.094660,40.0,False,False,True,False,False
2026-02-11 00:42:30.595341,37.5,False,False,True,False,False
2026-02-11 00:42:31.096026,35.0,False,False,True,False,False
2026-02-11 00:42:31.596648,32.5,False,False,True,False,False
2026-02-11 00:42:32.097426,30.0,False,False,True,False,False
2026-02-11 00:42:32.597992,27.5,False,False,True,False,False
2026-02-11 00:42:33.098442,25.0,False,False,True,False,False
2026-02-11 00:42:33.599038,22.5,False,False,False,False,False
2026-02-11 00:42:34.099745,25.0,True,False,True,False,False
2026-02-11 00:42:34.600159,27.5,True,False,True,False,False
2026-02-11 00:42:35.100594,30.0,True,False,True,False,False
2026-02-11 00:42:35.601280,32.5,True,False,True,False,False
2026-02-11 00:42:36.101893,35.0,True,False,True,False,False
2026-02-11 00:42:36.602595,37.5,True,False,True,False,False
2026-02-11 00:42:37.103147,40.0,True,False,True,False,False
2026-02-11 00:42:37.603842,42.5,True,False,True,False,False
2026-02-11 00:42:38.104561,45.0,True,False,True,False,False
2026-02-11 00:42:38.605161,47.5,True,False,True,False,False
2026-02-11 00:42:39.105683,50.0,True,False,True,False,False
2026-02-11 00:42:39.606106,52.5,True,False,True,False,False
2026-02-11 00:42:40.106743,55.0,True,False,True,False,False
2026-02-11 00:42:40.607252,57.5,True,False,True,False,False
2026-02-11 00:42:41.107801,60.0,True,False,True,False,False
2026-02-11 00:42:41.608509,62.5,True,False,True,False,False
2026-02-11 00:42:42.109059,65.0,True,False,True,False,False
2026-02-11 00:42:42.609609,67.5,True,False,True,False,False
2026-02-11 00:42:43.110261,70.0,True,False,True,False,False
2026-02-11 00:42:43.610918,72.5,True,False,True,False,False
2026-02-11 00:42:44.111635,75.0,True,True,True,False,False
2026-02-11 00:42:44.612323,72.5,False,False,True,False,False
2026-02-11 00:42:45.112925,70.0,False,False,True,False,False
2026-02-11 00:42:45.613436,67.5,False,False,True,False,False
2026-02-11 00:42:46.114166,65.0,False,False,True,False,False
2026-02-11 00:42:46.614790,62.5,False,False,True,False,False
2026-02-11 00:42:47.115514,60.0,False,False,True,False,False
2026-02-11 00:42:47.616153,57.5,False,False,True,False,False
2026-02-11 00:42:48.116751,55.0,False,False,True,False,False
2026-02-11 00:42:48.617167,52.5,False,False,True,False,False
2026-02-11 00:42:49.117827,50.0,False,False,True,False,False
2026-02-11 00:42:49.618512,47.5,False,False,True,False,False
2026-02-11 00:42:50.119232,45.0,False,False,True,False,False
2026-02-11 00:42:50.619732,42.5,False,False,True,False,False
2026-02-11 00:42:51.120440,40.0,False,False,True,False,False
2026-02-11 00:42:51.620845,37.5,False,False,True,False,False
2026-02-11 00:42:52.121374,35.0,False,False,True,False,False
2026-02-11 00:42:52.621862,32.5,False,False,True,False,False
2026-02-11 00:42:53.122294,30.0,False,False,True,False,False
2026-02-11 00:42:53.622739,27.5,False,False,True,False,False
2026-02-11 00:42:54.123260,25.0,False,False,True,False,False
2026-02-11 00:42:54.623886,22.5,False,False,False,False,False
2026-02-11 00:42:55.124400,25.0,True,False,True,False,False
2026-02-11 00:42:55.624810,27.5,True,False,True,False,False
2026-02-11 00:42:56.125432,30.0,True,False,True,False,False
2026-02-11 00:42:56.625869,32.5,True,False,True,False,False
2026-02-11 00:42:57.126348,35.0,True,False,True,False,False
2026-02-11 00:42:57.627007,37.5,True,False,True,False,False
2026-02-11 00:42:58.127480,40.0,True,False,True,False,False
2026-02-11 00:42:58.628006,42.5,True,False,True,False,False
2026-02-11 00:42:59.128561,45.0,True,False,True,False,False
2026-02-11 00:42:59.629213,47.5,True,False,True,False,False
2026-02-11 00:43:00.129851,50.0,True,False,True,False,False
2026-02-11 00:43:00.630292,52.5,True,False,True,False,False
2026-02-11 00:43:01.130909,55.0,True,False,True,False,False
2026-02-11 00:43:01.631545,57.5,True,False,True,False,False
2026-02-11 00:43:02.132008,60.0,True,False,True,False,False
2026-02-11 00:43:02.632546,62.5,True,False,True,False,False
2026-02-11 00:43:03.133176,65.0,True,False,True,False,False
2026-02-11 00:43:03.633781,67.5,True,False,True,False,False
2026-02-11 00:43:04.134266,70.0,True,False,True,False,False
2026-02-11 00:43:04.634817,72.5,True,False,True,False,False
2026-02-11 00:43:05.135379,75.0,True,True,True,False,False
2026-02-11 00:43:05.636000,72.5,False,False,True,False,False
2026-02-11 00:43:06.136663,70.0,False,False,True,False,False
2026-02-11 00:43:06.637289,67.5,False,False,True,False,False
2026-02-11 00:43:07.138002,65.0,False,False,True,False,False
2026-02-11 00:43:07.638446,62.5,False,False,True,False,False
2026-02-11 00:43:08.138933,60.0,False,False,True,False,False
2026-02-11 00:43:08.639507,57.5,False,False,True,False,False
2026-02-11 00:43:09.140197,55.0,False,False,True,False,False
2026-02-11 00:43:09.640836,52.5,False,False,True,False,False
2026-02-11 00:43:10.141524,50.0,False,False,True,False,False
2026-02-11 00:43:10.641970,47.5,False,False,True,False,False
2026-02-11 00:43:11.142436,45.0,False,False,True,False,False
2026-02-11 00:43:11.643097,42.5,False,False,True,False,False
2026-02-11 00:43:12.143824,40.0,False,False,True,False,False
2026-02-11 00:43:12.644391,37.5,False,False,True,False,False
2026-02-11 00:43:13.145064,35.0,False,False,True,False,False
2026-02-11 00:43:13.645522,32.5,False,False,True,False,False
2026-02-11 00:43:14.146184,30.0,False,False,True,False,False
2026-02-11 00:43:14.646917,27.5,False,False,True,False,False
2026-02-11 00:43:15.147373,25.0,False,False,True,False,False
2026-02-11 00:43:15.647812,22.5,False,False,False,False,False
2026-02-11 00:43:16.148358,25.0,True,False,True,False,False
2026-02-11 00:43:16.648956,27.5,True,False,True,False,False
2026-02-11 00:43:17.149624,30.0,True,False,True,False,False
2026-02-11 00:43:17.650191,32.5,True,False,True,False,False
2026-02-11 00:43:18.150739,35.0,True,False,True,False,False
2026-02-11 00:43:18.651428,37.5,True,False,True,False,False
2026-02-11 00:43:19.152118,40.0,True,False,True,False,False
2026-02-11 00:43:19.652594,42.5,True,False,True,False,False
2026-02-11 00:43:20.153321,45.0,True,False,True,False,False
2026-02-11 00:43:20.654037,47.5,True,False,True,False,False
2026-02-11 00:43:21.154709,50.0,True,False,True,False,False
2026-02-11 00:43:21.655407,52.5,True,False,True,False,False
2026-02-11 00:43:22.156020,55.0,True,False,True,False,False
2026-02-11 00:43:22.656715,57.5,True,False,True,False,False
2026-02-11 00:43:23.157319,60.0,True,False,True,False,False
2026-02-11 00:43:23.657994,62.5,True,False,True,False,False
2026-02-11 00:43:24.158666,65.0,True,False,True,False,False
2026-02-11 00:43:24.659320,67.5,True,False,True,False,False
2026-02-11 00:43:25.159880,70.0,True,False,True,False,False
2026-02-11 00:43:25.660379,72.5,True,False,True,False,False
2026-02-11 00:43:26.161003,75.0,True,True,True,False,False
2026-02-11 00:43:26.661525,72.5,False,False,True,False,False
2026-02-11 00:43:27.162076,70.0,False,False,True,False,False
2026-02-11 00:43:27.662666,67.5,False,False,True,False,False
2026-02-11 00:43:28.163198,65.0,False,False,True,False,False
2026-02-11 00:43:28.663624,62.5,False,False,True,False,False
2026-02-11 00:43:29.164329,60.0,False,False,True,False,False
2026-02-11 00:43:29.665042,57.5,False,False,True,False,False
2026-02-11 00:43:30.165484,55.0,False,False,True,False,False
2026-02-11 00:43:30.666202,52.5,False,False,True,False,False
2026-02-11 00:43:31.166861,50.0,False,False,True,False,False
2026-02-11 00:43:31.667312,47.5,False,False,True,False,False
2026-02-11 00:43:32.167999,45.0,False,False,True,False,False
2026-02-11 00:43:32.668618,42.5,False,False,True,False,False
2026-02-11 00:43:33.169296,40.0,False,False,True,False,False
2026-02-11 00:43:33.669732,37.5,False,False,True,False,False
2026-02-11 00:43:34.170284,35.0,False,False,True,False,False
2026-02-11 00:43:34.670934,32.5,False,False,True,False,False
2026-02-11 00:43:35.171370,30.0,False,False,True,False,False
2026-02-11 00:43:35.672012,27.5,False,False,True,False,False
2026-02-11 00:43:36.172727,25.0,False,False,True,False,False
2026-02-11 00:43:36.673227,22.5,False,False,False,False,False
2026-02-11 00:43:37.173775,25.0,True,False,True,False,False
2026-02-11 00:43:37.674286,27.5,True,False,True,False,False
2026-02-11 00:43:38.174940,30.0,True,False,True,False,False
2026-02-11 00:43:38.675383,32.5,True,False,True,False,False
2026-02-11 00:43:39.175951,35.0,True,False,True,False,False
2026-02-11 00:43:39.676631,37.5,True,False,True,False,False
2026-02-11 00:43:40.177261,40.0,True,False,True,False,False
2026-02-11 00:43:40.677940,42.5,True,False,True,False,False
2026-02-11 00:43:41.178428,45.0,True,False,True,False,False
2026-02-11 00:43:41.679168,47.5,True,False,True,False,False
2026-02-11 00:43:42.179581,50.0,True,False,True,False,False
2026-02-11 00:43:42.680045,52.5,True,False,True,False,False
2026-02-11 00:43:43.180724,55.0,True,False,True,False,False
2026-02-11 00:43:43.681399,57.5,True,False,True,False,False
2026-02-11 00:43:44.181846,60.0,True,False,True,False,False
2026-02-11 00:43:44.682497,62.5,True,False,True,False,False
2026-02-11 00:43:45.183139,65.0,True,False,True,False,False
2026-02-11 00:43:45.683767,67.5,True,False,True,False,False
2026-02-11 00:43:46.184405,70.0,True,False,True,False,False
2026-02-11 00:43:46.685030,72.5,True,False,True,False,False
2026-02-11 00:43:47.185607,75.0,True,True,True,False,False
2026-02-11 00:43:47.686292,72.5,False,False,True,False,False
2026-02-11 00:43:48.186952,70.0,False,False,True,False,False
2026-02-11 00:43:48.687394,67.5,False,False,True,False,False
2026-02-11 00:43:49.187882,65.0,False,False,True,False,False
2026-02-11 00:43:49.688556,62.5,False,False,True,False,False
2026-02-11 00:43:50.189211,60.0,False,False,True,False,False
2026-02-11 00:43:50.689705,57.5,False,False,True,False,False
2026-02-11 00:43:51.190118,55.0,False,False,True,False,False
2026-02-11 00:43:51.690734,52.5,False,False,True,False,False
2026-02-11 00:43:52.191311,50.0,False,False,True,False,False
2026-02-11 00:43:52.691895,47.5,False,False,True,False,False
2026-02-11 00:43:53.192615,45.0,False,False,True,False,False
2026-02-11 00:43:53.693135,42.5,False,False,True,False,False
2026-02-11 00:43:54.193795,40.0,False,False,True,False,False
2026-02-11 00:43:54.694448,37.5,False,False,True,False,False
2026-02-11 00:43:55.195039,35.0,False,False,True,False,False
2026-02-11 00:43:55.695682,32.5,False,False,True,False,False
2026-02-11 00:43:56.196180,30.0,False,False,True,False,False
2026-02-11 00:43:56.696617,27.5,False,False,True,False,False
2026-02-11 00:43:57.197346,25.0,False,False,True,False,False
2026-02-11 00:43:57.697827,22.5,False,False,False,False,False
2026-02-11 00:43:58.198367,25.0,True,False,True,False,False
2026-02-11 00:43:58.699086,27.5,True,False,True,False,False
2026-02-11 00:43:59.199577,30.0,True,False,True,False,False
2026-02-11 00:43:59.700315,32.5,True,False,True,False,False
2026-02-11 00:44:00.200770,35.0,True,False,True,False,False
2026-02-11 00:44:00.701470,37.5,True,False,True,False,False
2026-02-11 00:44:01.201930,40.0,True,False,True,False,False
2026-02-11 00:44:01.702575,42.5,True,False,True,False,False
2026-02-11 00:44:02.203243,45.0,True,False,True,False,False
2026-02-11 00:44:02.703928,47.5,True,False,True,False,False
2026-02-11 00:44:03.204509,50.0,True,False,True,False,False
2026-02-11 00:44:03.705084,52.5,True,False,True,False,False
2026-02-11 00:44:04.205767,55.0,True,False,True,False,False
2026-02-11 00:44:04.706449,57.5,True,False,True,False,False
2026-02-11 00:44:05.207127,60.0,True,False,True,False,False
2026-02-11 00:44:05.707575,62.5,True,False,True,False,False
2026-02-11 00:44:06.208222,65.0,True,False,True,False,False
2026-02-11 00:44:06.708629,67.5,True,False,True,False,False
2026-02-11 00:44:07.209341,70.0,True,False,True,False,False
2026-02-11 00:44:07.709892,72.5,True,False,True,False,False
2026-02-11 00:44:08.210538,75.0,True,True,True,False,False
2026-02-11 00:44:08.711046,72.5,False,False,True,False,False
2026-02-11 00:44:09.211792,70.0,False,False,True,False,False
2026-02-11 00:44:09.712471,67.5,False,False,True,False,False
2026-02-11 00:44:10.213009,65.0,False,False,True,False,False
2026-02-11 00:44:10.713469,62.5,False,False,True,False,False
2026-02-11 00:44:11.214144,60.0,False,False,True,False,False
2026-02-11 00:44:11.714694,57.5,False,False,True,False,False
2026-02-11 00:44:12.215412,55.0,False,False,True,False,False
2026-02-11 00:44:12.716091,52.5,False,False,True,False,False
2026-02-11 00:44:13.216603,50.0,False,False,True,False,False
2026-02-11 00:44:13.717191,47.5,False,False,True,False,False
2026-02-11 00:44:14.217866,45.0,False,False,True,False,False
2026-02-11 00:44:14.718526,42.5,False,False,True,False,False
2026-02-11 00:44:15.219128,40.0,False,False,True,False,False
2026-02-11 00:44:15.719657,37.5,False,False,True,False,False
2026-02-11 00:44:16.220323,35.0,False,False,True,False,False
2026-02-11 00:44:16.720826,32.5,False,False,True,False,False
2026-02-11 00:44:17.221417,30.0,False,False,True,False,False
2026-02-11 00:44:17.722120,27.5,False,False,True,False,False
2026-02-11 00:44:18.222640,25.0,False,False,True,False,False
2026-02-11 00:44:18.723163,22.5,False,False,False,False,False
2026-02-11 00:44:19.223774,25.0,True,False,True,False,False
2026-02-11 00:44:19.724193,27.5,True,False,True,False,False
2026-02-11 00:44:20.224926,30.0,True,False,True,False,False
